flowID,senderAvgMbps,receiverTotalMBytes,receiverAvgMbps,completionTime,convergenceTime
1,7.926222910216718,615.662,7.921440310077519,645.0,1.0
2,15.744754601226994,609.577,15.7272,325.0,9.0
3,7.71156626506024,1230.6789,7.710265060240965,663.4,1.0
4,17.861010452961676,608.095,17.833636363636362,286.0,2.0
5,66.13205128205128,605.5600000000001,65.97142857142858,77.0,-1
6,8.665702199661592,614.653,8.651827411167512,591.0,-1
