flowID,receiverAvgMbps
1,2.93156976744186
2,2.9572397660818712
3,2.8427005649717514
4,2.933779069767441
5,3.0038143712574845
6,2.928866279069768
7,3.2698684210526316
8,2.9477058823529414
9,2.9682631578947376
10,2.894335260115607
11,2.895287356321839
12,3.2022580645161294
