flowID,receiverAvgMbps
1,3.5002777777777783
2,7.641666666666666
3,3.802255639097744
4,1.3111688311688312
5,1.1958517647058824
6,8.284237288135595
7,12.834102564102563
