flowID,senderAvgMbps,receiverTotalMBytes,receiverAvgMbps,completionTime,convergenceTime,RTT(ms)
1,3.5491666666666664,61.528,3.5002777777777783,144.0,6.0,40.0
2,7.752878787878788,61.37200000000001,7.641666666666666,66.0,1.0,40.0
3,3.860681818181818,61.723,3.802255639097744,133.0,1.0,70.0
4,1.3281558441558443,61.617000000000004,1.3111688311688312,385.0,1.0,40.0
5,1.205623529411765,62.0253,1.1958517647058824,425.0,12.0,30.0
6,8.62135593220339,59.165,8.284237288135595,59.0,6.0,40.0
7,13.078717948717948,59.763000000000005,12.834102564102563,39.0,5.0,30.0
