flowID,senderAvgMbps,receiverTotalMBytes,receiverAvgMbps,completionTime,convergenceTime
1,16.62258064516129,235.7415,15.92339516129032,124.0,41.0
2,16.150399999999998,232.73360000000002,15.720870967741932,124.0,43.0
3,18.08761061946903,229.94299999999998,17.219374999999996,112.0,20.0
4,19.48125,228.73999999999995,18.625728155339807,103.0,29.0
5,18.683636363636364,232.57299999999998,17.887889908256884,109.0,33.0
