flowID,senderAvgMbps,receiverTotalMBytes,receiverAvgMbps,completionTime,convergenceTime,RTT(ms)
1,0.0,187.2,261.6666666666667,6.0,-1,16.0
2,0.0,185.29999999999998,259.0,6.0,-1,12.0
3,0.0,211.0,443.0,4.0,-1,20.0
4,0.0,193.3,406.0,4.0,-1,20.0
5,0.0,184.8,386.5,4.0,-1,24.0
