flowID,senderAvgMbps,receiverTotalMBytes,receiverAvgMbps,completionTime,convergenceTime,RTT(ms)
1,0.0,241.57000000000002,7.034652777777778,288.0,12.0,22.0
2,0.0,241.63,6.413607594936709,316.0,13.0,20.0
3,0.0,238.05,22.182222222222222,90.0,6.0,10.0
4,0.0,243.19,6.1804848484848485,330.0,11.0,16.0
5,0.0,240.54000000000002,34.782758620689656,58.0,-1,16.0
6,0.0,237.06999999999996,58.52352941176471,34.0,-1,10.0
