flowID,senderAvgMbps,receiverTotalMBytes,receiverAvgMbps,completionTime,convergenceTime,RTT(ms)
1,2.6009644670050753,61.946999999999996,2.576142131979695,197.0,3.0,30.0
2,5.232268041237113,61.16400000000001,5.165876288659794,97.0,2.0,40.0
3,6.731578947368421,61.03500000000001,6.578947368421052,76.0,11.0,40.0
4,1.7607903780068732,62.115,1.7493127147766325,291.0,1.0,80.0
5,1.3532360742705571,61.361999999999995,1.3332864721485411,377.0,13.0,40.0
6,1.2006823529411768,62.1572,1.1957746478873241,426.0,15.0,30.0
7,10.1996,58.604000000000006,9.817,50.0,2.0,40.0
8,11.249333333333333,59.36,11.062222222222221,45.0,12.0,30.0
