flowID,receiverAvgMbps
1,2.576142131979695
2,5.165876288659794
3,6.578947368421052
4,1.7493127147766325
5,1.3332864721485411
6,1.1957746478873241
7,9.817
8,11.062222222222221
