flowID,senderAvgMbps,receiverTotalMBytes,receiverAvgMbps,completionTime,convergenceTime,RTT(ms)
1,0.0,242.105,6.9961379310344824,290.0,-1,0.0
2,0.0,243.639,5.993470588235294,340.0,-1,0.0
3,0.0,239.98000000000005,26.48684210526316,76.0,8.0,0.0
4,0.0,242.69,6.645294117647059,306.0,-1,0.0
5,0.0,238.31,40.0,50.0,-1,0.0
6,0.0,233.0,61.04375,32.0,-1,0.0
