{
  "1": {
    "completionTime": 242.0, 
    "convergenceTime": 92.0, 
    "flowStr": "h1-h7", 
    "links": [
      [
        "h1", 
        "s1"
      ], 
      [
        "s1", 
        "s3"
      ], 
      [
        "s3", 
        "s6"
      ], 
      [
        "s6", 
        "s7"
      ], 
      [
        "s7", 
        "h7"
      ]
    ], 
    "receiver": "h7", 
    "receiverAvgMbps": 8.368512396694214, 
    "receiverMBytes": [
      1.44, 
      1.47, 
      1.57, 
      2.36, 
      1.4, 
      1.71, 
      1.86, 
      1.43, 
      0.9460000000000001, 
      2.16, 
      1.43, 
      1.24, 
      0.868, 
      1.014, 
      1.39, 
      1.8, 
      1.28, 
      1.44, 
      1.22, 
      1.69, 
      1.35, 
      1.18, 
      0.8160000000000001, 
      1.68, 
      1.4, 
      1.19, 
      1.73, 
      1.77, 
      1.82, 
      2.16, 
      1.88, 
      1.53, 
      2.07, 
      1.99, 
      1.41, 
      2.08, 
      2.0, 
      1.81, 
      1.98, 
      1.51, 
      1.37, 
      2.29, 
      1.94, 
      2.26, 
      1.49, 
      2.24, 
      2.25, 
      1.87, 
      2.25, 
      2.23, 
      2.07, 
      2.22, 
      2.25, 
      2.23, 
      2.25, 
      2.21, 
      2.25, 
      2.25, 
      2.27, 
      2.24, 
      2.22, 
      2.24, 
      2.26, 
      2.26, 
      2.23, 
      2.21, 
      2.27, 
      2.25, 
      2.26, 
      2.25, 
      2.25, 
      2.25, 
      2.26, 
      2.25, 
      2.23, 
      2.22, 
      2.24, 
      2.25, 
      2.25, 
      2.24, 
      2.22, 
      2.26, 
      2.26, 
      2.26, 
      2.25, 
      2.22, 
      2.27, 
      2.22, 
      2.23, 
      2.26, 
      2.22, 
      2.24, 
      2.24, 
      2.25, 
      2.25, 
      2.21, 
      2.25, 
      2.27, 
      2.18, 
      2.3, 
      2.22, 
      2.24, 
      2.14, 
      2.22, 
      2.2, 
      2.24, 
      2.25, 
      2.17, 
      2.22, 
      2.25, 
      2.22, 
      2.25, 
      2.14, 
      2.18, 
      2.24, 
      2.22, 
      2.26, 
      2.25, 
      2.24, 
      2.16, 
      1.93
    ], 
    "receiverMbps": [
      6.03, 
      6.15, 
      6.57, 
      9.9, 
      5.87, 
      7.16, 
      7.82, 
      6.01, 
      3.87, 
      9.07, 
      6.01, 
      5.19, 
      3.56, 
      4.15, 
      5.84, 
      7.56, 
      5.38, 
      6.05, 
      5.11, 
      7.11, 
      5.66, 
      4.95, 
      3.34, 
      7.04, 
      5.88, 
      4.99, 
      7.24, 
      7.42, 
      7.64, 
      9.06, 
      7.89, 
      6.41, 
      8.69, 
      8.33, 
      5.92, 
      8.73, 
      8.4, 
      7.59, 
      8.31, 
      6.32, 
      5.75, 
      9.6, 
      8.14, 
      9.49, 
      6.27, 
      9.39, 
      9.42, 
      7.85, 
      9.42, 
      9.35, 
      8.66, 
      9.32, 
      9.42, 
      9.34, 
      9.43, 
      9.26, 
      9.45, 
      9.44, 
      9.53, 
      9.38, 
      9.31, 
      9.38, 
      9.49, 
      9.49, 
      9.36, 
      9.26, 
      9.54, 
      9.44, 
      9.47, 
      9.45, 
      9.44, 
      9.45, 
      9.5, 
      9.45, 
      9.36, 
      9.31, 
      9.41, 
      9.43, 
      9.42, 
      9.41, 
      9.3, 
      9.46, 
      9.49, 
      9.48, 
      9.42, 
      9.31, 
      9.52, 
      9.3, 
      9.34, 
      9.46, 
      9.3, 
      9.41, 
      9.39, 
      9.44, 
      9.45, 
      9.29, 
      9.45, 
      9.51, 
      9.16, 
      9.64, 
      9.3, 
      9.41, 
      8.98, 
      9.33, 
      9.22, 
      9.38, 
      9.44, 
      9.11, 
      9.31, 
      9.44, 
      9.33, 
      9.45, 
      8.99, 
      9.13, 
      9.4, 
      9.31, 
      9.47, 
      9.42, 
      9.4, 
      9.08, 
      8.07
    ], 
    "receiverTotalMBytes": 241.494, 
    "receiverTs": [
      2.0, 
      4.0, 
      6.0, 
      8.0, 
      10.0, 
      12.0, 
      14.0, 
      16.0, 
      18.0, 
      20.0, 
      22.0, 
      24.0, 
      26.0, 
      28.0, 
      30.0, 
      32.0, 
      34.0, 
      36.0, 
      38.0, 
      40.0, 
      42.0, 
      44.0, 
      46.0, 
      48.0, 
      50.0, 
      52.0, 
      54.0, 
      56.0, 
      58.0, 
      60.0, 
      62.0, 
      64.0, 
      66.0, 
      68.0, 
      70.0, 
      72.0, 
      74.0, 
      76.0, 
      78.0, 
      80.0, 
      82.0, 
      84.0, 
      86.0, 
      88.0, 
      90.0, 
      92.0, 
      94.0, 
      96.0, 
      98.0, 
      100.0, 
      102.0, 
      104.0, 
      106.0, 
      108.0, 
      110.0, 
      112.0, 
      114.0, 
      116.0, 
      118.0, 
      120.0, 
      122.0, 
      124.0, 
      126.0, 
      128.0, 
      130.0, 
      132.0, 
      134.0, 
      136.0, 
      138.0, 
      140.0, 
      142.0, 
      144.0, 
      146.0, 
      148.0, 
      150.0, 
      152.0, 
      154.0, 
      156.0, 
      158.0, 
      160.0, 
      162.0, 
      164.0, 
      166.0, 
      168.0, 
      170.0, 
      172.0, 
      174.0, 
      176.0, 
      178.0, 
      180.0, 
      182.0, 
      184.0, 
      186.0, 
      188.0, 
      190.0, 
      192.0, 
      194.0, 
      196.0, 
      198.0, 
      200.0, 
      202.0, 
      204.0, 
      206.0, 
      208.0, 
      210.0, 
      212.0, 
      214.0, 
      216.0, 
      218.0, 
      220.0, 
      222.0, 
      224.0, 
      226.0, 
      228.0, 
      230.0, 
      232.0, 
      234.0, 
      236.0, 
      238.0, 
      240.0, 
      242.0
    ], 
    "rtt": 0.0, 
    "sender": "h1", 
    "senderAvgMbps": 0.0, 
    "senderMbps": [], 
    "senderTs": []
  }, 
  "2": {
    "completionTime": 96.0, 
    "convergenceTime": 2.0, 
    "flowStr": "h5-h12", 
    "links": [
      [
        "h5", 
        "s5"
      ], 
      [
        "s5", 
        "s6"
      ], 
      [
        "s6", 
        "s7"
      ], 
      [
        "s7", 
        "s11"
      ], 
      [
        "s11", 
        "s12"
      ], 
      [
        "s12", 
        "h12"
      ]
    ], 
    "receiver": "h12", 
    "receiverAvgMbps": 21.01875, 
    "receiverMBytes": [
      5.95, 
      4.96, 
      5.22, 
      4.5, 
      4.9, 
      4.84, 
      4.6, 
      5.02, 
      5.41, 
      5.3, 
      4.63, 
      5.27, 
      5.54, 
      5.7, 
      5.31, 
      5.26, 
      4.65, 
      5.11, 
      5.28, 
      5.22, 
      4.91, 
      5.53, 
      5.4, 
      5.54, 
      4.89, 
      5.41, 
      4.67, 
      5.16, 
      4.99, 
      4.76, 
      4.44, 
      5.31, 
      4.8, 
      4.62, 
      5.06, 
      4.99, 
      4.9, 
      4.53, 
      5.18, 
      4.68, 
      5.46, 
      4.89, 
      4.5, 
      4.56, 
      4.53, 
      5.22, 
      4.48, 
      4.53
    ], 
    "receiverMbps": [
      24.9, 
      20.8, 
      21.9, 
      18.9, 
      20.5, 
      20.3, 
      19.3, 
      21.0, 
      22.7, 
      22.2, 
      19.4, 
      22.1, 
      23.2, 
      23.9, 
      22.3, 
      22.1, 
      19.5, 
      21.4, 
      22.2, 
      21.9, 
      20.6, 
      23.2, 
      22.6, 
      23.2, 
      20.5, 
      22.7, 
      19.6, 
      21.6, 
      20.9, 
      20.0, 
      18.6, 
      22.3, 
      20.2, 
      19.4, 
      21.2, 
      20.9, 
      20.5, 
      19.0, 
      21.7, 
      19.6, 
      22.9, 
      20.5, 
      18.9, 
      19.1, 
      19.0, 
      21.9, 
      18.8, 
      19.0
    ], 
    "receiverTotalMBytes": 240.60999999999999, 
    "receiverTs": [
      2.0, 
      4.0, 
      6.0, 
      8.0, 
      10.0, 
      12.0, 
      14.0, 
      16.0, 
      18.0, 
      20.0, 
      22.0, 
      24.0, 
      26.0, 
      28.0, 
      30.0, 
      32.0, 
      34.0, 
      36.0, 
      38.0, 
      40.0, 
      42.0, 
      44.0, 
      46.0, 
      48.0, 
      50.0, 
      52.0, 
      54.0, 
      56.0, 
      58.0, 
      60.0, 
      62.0, 
      64.0, 
      66.0, 
      68.0, 
      70.0, 
      72.0, 
      74.0, 
      76.0, 
      78.0, 
      80.0, 
      82.0, 
      84.0, 
      86.0, 
      88.0, 
      90.0, 
      92.0, 
      94.0, 
      96.0
    ], 
    "rtt": 0.0, 
    "sender": "h5", 
    "senderAvgMbps": 0.0, 
    "senderMbps": [],