{
  "1": {
    "completionTime": 242.0, 
    "convergenceTime": 132.0, 
    "flowStr": "h1-h7", 
    "links": [
      [
        "h1", 
        "s1"
      ], 
      [
        "s1", 
        "s3"
      ], 
      [
        "s3", 
        "s6"
      ], 
      [
        "s6", 
        "s7"
      ], 
      [
        "s7", 
        "h7"
      ]
    ], 
    "receiver": "h7", 
    "receiverAvgMbps": 8.368512396694214, 
    "receiverMBytes": [
      2.24, 
      2.23, 
      2.19, 
      2.17, 
      2.14, 
      1.43, 
      2.07, 
      1.81, 
      1.68, 
      1.88, 
      2.34, 
      2.24, 
      1.77, 
      2.24, 
      2.14, 
      2.14, 
      2.33, 
      2.24, 
      2.1, 
      1.93, 
      1.5, 
      2.05, 
      2.09, 
      2.02, 
      2.15, 
      2.21, 
      1.59, 
      2.21, 
      2.04, 
      2.14, 
      2.2, 
      2.3, 
      2.15, 
      2.23, 
      2.09, 
      1.84, 
      2.08, 
      1.59, 
      1.47, 
      1.48, 
      1.66, 
      1.09, 
      1.21, 
      1.43, 
      1.62, 
      0.921, 
      0.9400000000000001, 
      1.72, 
      1.89, 
      1.17, 
      1.4, 
      1.49, 
      1.32, 
      1.29, 
      1.43, 
      1.51, 
      1.68, 
      1.94, 
      1.54, 
      1.28, 
      1.18, 
      1.7, 
      1.67, 
      1.15, 
      1.53, 
      1.87, 
      2.25, 
      2.23, 
      2.28, 
      2.2, 
      2.2, 
      2.25, 
      2.28, 
      2.25, 
      2.29, 
      2.23, 
      2.26, 
      2.25, 
      2.22, 
      2.3, 
      2.21, 
      2.26, 
      2.26, 
      2.24, 
      2.25, 
      2.16, 
      2.23, 
      2.25, 
      2.25, 
      2.25, 
      2.25, 
      2.26, 
      2.26, 
      2.29, 
      2.24, 
      2.24, 
      2.23, 
      2.27, 
      2.25, 
      2.26, 
      2.24, 
      2.24, 
      2.24, 
      2.06, 
      2.17, 
      2.24, 
      2.23, 
      2.26, 
      2.24, 
      2.26, 
      2.25, 
      2.24, 
      2.26, 
      2.03, 
      2.26, 
      2.24, 
      2.23, 
      2.25, 
      2.2, 
      2.24, 
      2.28
    ], 
    "receiverMbps": [
      9.38, 
      9.34, 
      9.19, 
      9.12, 
      8.99, 
      5.98, 
      8.7, 
      7.6, 
      7.04, 
      7.89, 
      9.83, 
      9.38, 
      7.43, 
      9.39, 
      8.99, 
      8.97, 
      9.77, 
      9.41, 
      8.8, 
      8.1, 
      6.3, 
      8.6, 
      8.75, 
      8.48, 
      9.01, 
      9.26, 
      6.69, 
      9.26, 
      8.54, 
      8.97, 
      9.23, 
      9.64, 
      9.0, 
      9.35, 
      8.75, 
      7.74, 
      8.73, 
      6.65, 
      6.18, 
      6.19, 
      6.94, 
      4.58, 
      5.07, 
      5.98, 
      6.81, 
      3.77, 
      3.85, 
      7.21, 
      7.95, 
      4.91, 
      5.87, 
      6.27, 
      5.54, 
      5.4, 
      6.01, 
      6.34, 
      7.04, 
      8.13, 
      6.46, 
      5.39, 
      4.95, 
      7.11, 
      7.0, 
      4.84, 
      6.43, 
      7.85, 
      9.45, 
      9.35, 
      9.58, 
      9.24, 
      9.23, 
      9.44, 
      9.55, 
      9.45, 
      9.59, 
      9.37, 
      9.49, 
      9.43, 
      9.31, 
      9.63, 
      9.28, 
      9.49, 
      9.49, 
      9.41, 
      9.42, 
      9.04, 
      9.37, 
      9.45, 
      9.44, 
      9.44, 
      9.44, 
      9.46, 
      9.48, 
      9.6, 
      9.38, 
      9.41, 
      9.37, 
      9.53, 
      9.42, 
      9.49, 
      9.41, 
      9.39, 
      9.38, 
      8.63, 
      9.12, 
      9.4, 
      9.35, 
      9.48, 
      9.38, 
      9.5, 
      9.45, 
      9.4, 
      9.48, 
      8.5, 
      9.49, 
      9.38, 
      9.36, 
      9.45, 
      9.24, 
      9.41, 
      9.55
    ], 
    "receiverTotalMBytes": 241.431, 
    "receiverTs": [
      2.0, 
      4.0, 
      6.0, 
      8.0, 
      10.0, 
      12.0, 
      14.0, 
      16.0, 
      18.0, 
      20.0, 
      22.0, 
      24.0, 
      26.0, 
      28.0, 
      30.0, 
      32.0, 
      34.0, 
      36.0, 
      38.0, 
      40.0, 
      42.0, 
      44.0, 
      46.0, 
      48.0, 
      50.0, 
      52.0, 
      54.0, 
      56.0, 
      58.0, 
      60.0, 
      62.0, 
      64.0, 
      66.0, 
      68.0, 
      70.0, 
      72.0, 
      74.0, 
      76.0, 
      78.0, 
      80.0, 
      82.0, 
      84.0, 
      86.0, 
      88.0, 
      90.0, 
      92.0, 
      94.0, 
      96.0, 
      98.0, 
      100.0, 
      102.0, 
      104.0, 
      106.0, 
      108.0, 
      110.0, 
      112.0, 
      114.0, 
      116.0, 
      118.0, 
      120.0, 
      122.0, 
      124.0, 
      126.0, 
      128.0, 
      130.0, 
      132.0, 
      134.0, 
      136.0, 
      138.0, 
      140.0, 
      142.0, 
      144.0, 
      146.0, 
      148.0, 
      150.0, 
      152.0, 
      154.0, 
      156.0, 
      158.0, 
      160.0, 
      162.0, 
      164.0, 
      166.0, 
      168.0, 
      170.0, 
      172.0, 
      174.0, 
      176.0, 
      178.0, 
      180.0, 
      182.0, 
      184.0, 
      186.0, 
      188.0, 
      190.0, 
      192.0, 
      194.0, 
      196.0, 
      198.0, 
      200.0, 
      202.0, 
      204.0, 
      206.0, 
      208.0, 
      210.0, 
      212.0, 
      214.0, 
      216.0, 
      218.0, 
      220.0, 
      222.0, 
      224.0, 
      226.0, 
      228.0, 
      230.0, 
      232.0, 
      234.0, 
      236.0, 
      238.0, 
      240.0, 
      242.0
    ], 
    "rtt": 0.0, 
    "sender": "h1", 
    "senderAvgMbps": 0.0, 
    "senderMbps": [], 
    "senderTs": []
  }, 
  "2": {
    "completionTime": 126.0, 
    "convergenceTime": 72.0, 
    "flowStr": "h5-h12", 
    "links": [
      [
        "h5", 
        "s5"
      ], 
      [
        "s5", 
        "s6"
      ], 
      [
        "s6", 
        "s7"
      ], 
      [
        "s7", 
        "s11"
      ], 
      [
        "s11", 
        "s12"
      ], 
      [
        "s12", 
        "h12"
      ]
    ], 
    "receiver": "h12", 
    "receiverAvgMbps": 16.196349206349208, 
    "receiverMBytes": [
      3.46, 
      2.37, 
      3.97, 
      2.53, 
      3.76, 
      3.36, 
      4.02, 
      3.43, 
      1.64, 
      3.35, 
      2.46, 
      3.13, 
      2.28, 
      1.74, 
      2.11, 
      2.83, 
      2.71, 
      3.91, 
      3.75, 
      3.27, 
      2.46, 
      1.45, 
      3.31, 
      3.5, 
      2.75, 
      3.3, 
      1.94, 
      2.53, 
      2.62, 
      3.25, 
      3.46, 
      1.9, 
      3.69, 
      2.92, 
      4.27, 
      5.03, 
      4.84, 
      4.76, 
      5.02, 
      5.38, 
      4.68, 
      4.85, 
      5.58, 
      5.73, 
      4.88, 
      4.5, 
      5.29, 
      5.34, 
      4.85, 
      5.12, 
      5.38, 
      4.87, 
      4.69, 
      4.83, 
      4.44, 
      4.56, 
      5.23, 
      5.31, 
      4.86, 
      4.69, 
      5.29, 
      5.3, 
      4.48
    ], 
    "receiverMbps": [
      14.5, 
      9.95, 
      16.7, 
      10.6, 
      15.8, 
      14.1, 
      16.9, 
      14.4, 
      6.86, 
      14.1, 
      10.3, 
      13.1, 
      9.57, 
      7.31, 
      8.87, 
      11.9, 
      11.4, 
      16.4, 
      15.7, 
      13.7, 
      10.3, 
      6.1, 
      13.9, 
      14.7, 
      11.5, 
      13.8, 
      8.15, 
      10.6, 
      11.0, 
      13.6, 
      14.5, 
      7.96, 
      15.5, 
      12.3, 
      17.9, 
      21.1, 
      20.3, 
      20.0, 
      21.0, 
      22.6, 
      19.6, 
      20.4, 
      23.4, 
      24.0, 
      20.5, 
      18.9, 
      22.2, 
      22.4, 
      20.3, 
      21.5, 
      22.6, 
      20.4, 
      19.7, 
      20.3, 
      18.6, 
      19.1, 
      21.9, 
      22.3, 
      20.4, 
      19.7, 
      22.2, 
      22.2, 
      18.8
    ], 
    "receiverTotalMBytes": 243.20999999999998,