flowID,receiverAvgMbps
1,6.822837837837838
2,1.148297972972973
3,1.1115929203539823
4,6.501558441558442
5,1.1541692482915717
6,1.1708838337182448
7,1.069707627118644
8,0.9792306201550388
9,6.904366197183099
10,1.0608164556962025
11,0.9721132812500001
12,6.146219512195122
