flowID,receiverAvgMbps
1,4.351478260869564
2,2.1248691983122363
3,2.1116025104602514
4,4.535045045045045
5,2.1505805084745764
6,2.15812017167382
7,2.265569506726458
8,2.3164150943396224
9,4.527767857142857
10,2.380487562189055
11,2.2384823008849555
12,4.49212389380531
