flowID,receiverAvgMbps
1,3.319736842105263
2,5.674719101123595
3,6.006904761904762
4,1.1725231481481477
5,1.206021582733813
6,1.1978494117647058
7,11.475813953488371
8,9.278703703703703
