flowID,senderAvgMbps,receiverTotalMBytes,receiverAvgMbps,completionTime,convergenceTime,RTT(ms)
1,3.3513815789473687,61.586999999999996,3.319736842105263,152.0,3.0,30.0
2,5.749213483146067,61.653,5.674719101123595,89.0,1.0,40.0
3,6.089036144578313,61.596999999999994,6.006904761904762,84.0,2.0,40.0
4,1.1891627906976745,61.9696,1.1725231481481477,432.0,12.0,80.0
5,1.2246522781774583,61.3797,1.206021582733813,417.0,13.0,40.0
6,1.2035141509433964,62.099500000000006,1.1978494117647058,425.0,18.0,30.0
7,11.735348837209303,58.86,11.475813953488371,43.0,1.0,40.0
8,9.498679245283018,59.858000000000004,9.278703703703703,54.0,1.0,40.0
