flowID,receiverAvgMbps
1,2.8600000000000003
2,3.065243902439024
3,3.239807692307692
4,2.8913872832369942
5,3.1968987341772155
6,3.4404081632653063
7,3.5101388888888887
8,3.5015384615384617
9,2.795
10,3.291830065359477
11,3.2644805194805198
12,2.891618497109827
