flowID,senderAvgMbps,receiverTotalMBytes,receiverAvgMbps,completionTime,convergenceTime
1,17.45641025641026,233.286,16.69957264957265,117.0,32.0
2,15.87392,238.4539,15.990696000000002,125.0,35.0
3,17.769827586206898,231.287,16.866521739130434,115.0,23.0
4,17.79157894736842,226.82299999999998,16.832300884955753,113.0,23.0
5,20.54030303030303,229.19,19.610479591836736,98.0,33.0
