flowID,receiverAvgMbps
1,2.6538743455497382
2,5.332234042553192
3,1.1859673659673657
4,1.7377474402730377
5,1.296237113402062
6,1.1961924882629107
7,15.346875
8,5.2778125
