flowID,senderAvgMbps,receiverTotalMBytes,receiverAvgMbps,completionTime,convergenceTime,RTT(ms)
1,2.6800523560209437,61.881,2.6538743455497382,191.0,3.0,30.0
2,5.398936170212766,61.190000000000005,5.332234042553192,94.0,1.0,40.0
3,1.197172897196262,62.272999999999996,1.1859673659673657,429.0,1.0,50.0
4,1.7547602739726031,62.139,1.7377474402730377,293.0,1.0,80.0
5,1.3161855670103095,61.398,1.296237113402062,388.0,13.0,40.0
6,1.2006823529411768,62.16680000000001,1.1961924882629107,426.0,18.0,30.0
7,15.907499999999999,58.56,15.346875,32.0,1.0,40.0
8,5.339894736842107,61.869,5.2778125,96.0,1.0,40.0
