flowID,receiverAvgMbps
1,2.441923076923077
2,4.788571428571428
3,6.994788732394367
4,2.7215591397849463
5,1.183627358490566
6,1.4209359331476323
7,9.510377358490565
8,11.489047619047618
