flowID,senderAvgMbps,receiverTotalMBytes,receiverAvgMbps,completionTime,convergenceTime,RTT(ms)
1,2.4579227053140102,61.99600000000001,2.441923076923077,208.0,13.0,30.0
2,4.864761904761905,61.379999999999995,4.788571428571428,105.0,1.0,40.0
3,7.133239436619717,60.62200000000001,6.994788732394367,71.0,2.0,40.0
4,2.7456756756756757,61.799,2.7215591397849463,186.0,1.0,70.0
5,1.2043396226415095,61.2465,1.183627358490566,424.0,55.0,40.0
6,1.4312569832402238,62.24570000000001,1.4209359331476323,359.0,38.0,30.0
7,9.664423076923079,60.21000000000001,9.510377358490565,53.0,11.0,40.0
8,11.849285714285713,57.571,11.489047619047618,42.0,2.0,30.0
